{
  "helsinki": {"name":"Helsinki"},
  "espoo": {"name":"Espoo"},
  "tampere": {"name":"Tampere"},
  "vantaa": {"name":"Vantaa"},
  "oulu": {"name":"Oulu"},
  "turku": {"name":"Turku"},
  "jyvaskyla": {"name":"Jyväskylä"},
  "kuopio": {"name":"Kuopio"},
  "lahti": {"name":"Lahti"},
  "pori": {"name":"Pori"},
  "kouvola": {"name":"Kouvola"},
  "joensuu": {"name":"Joensuu"},
  "lappeenranta": {"name":"Lappeenranta"},
  "vaasa": {"name":"Vaasa"},
  "hameenlinna": {"name":"Hämeenlinna"},
  "seinajoki": {"name":"Seinäjoki"},
  "rovaniemi": {"name":"Rovaniemi"},
  "mikkeli": {"name":"Mikkeli"},
  "porvoo": {"name":"Porvoo"},
  "salo": {"name":"Salo"},
  "kotka": {"name":"Kotka"},
  "kokkola": {"name":"Kokkola"},
  "hyvinkaa": {"name":"Hyvinkää"},
  "jarvenpaa": {"name":"Järvenpää"},
  "lohja": {"name":"Lohja"},
  "nurmijarvi": {"name":"Nurmijärvi"},
  "tuusula": {"name":"Tuusula"},
  "kirkkonummi": {"name":"Kirkkonummi"},
  "rauma": {"name":"Rauma"},
  "kerava": {"name":"Kerava"},
  "kajaani": {"name":"Kajaani"},
  "kaarina": {"name":"Kaarina"},
  "nokia": {"name":"Nokia"},
  "ylojarvi": {"name":"Ylöjärvi"},
  "kangasala": {"name":"Kangasala"},
  "savonlinna": {"name":"Savonlinna"},
  "vihti": {"name":"Vihti"},
  "riihimaki": {"name":"Riihimäki"},
  "raasepori": {"name":"Raasepori"},
  "raisio": {"name":"Raisio"},
  "imatra": {"name":"Imatra"},
  "lempaala": {"name":"Lempäälä"},
  "raahe": {"name":"Raahe"},
  "sastamala": {"name":"Sastamala"},
  "hollola": {"name":"Hollola"},
  "sipoo": {"name":"Sipoo"},
  "siilinjarvi": {"name":"Siilinjärvi"},
  "tornio": {"name":"Tornio"},
  "mantsala": {"name":"Mäntsälä"},
  "pirkkala": {"name":"Pirkkala"},
  "valkeakoski": {"name":"Valkeakoski"},
  "lieto": {"name":"Lieto"},
  "iisalmi": {"name":"Iisalmi"},
  "naantali": {"name":"Naantali"},
  "mustasaari": {"name":"Mustasaari"},
  "kurikka": {"name":"Kurikka"},
  "varkaus": {"name":"Varkaus"},
  "hamina": {"name":"Hamina"},
  "kempele": {"name":"Kempele"},
  "pietarsaari": {"name":"Pietarsaari"},
  "kemi": {"name":"Kemi"},
  "jamsa": {"name":"Jämsä"},
  "laukaa": {"name":"Laukaa"},
  "aanekoski": {"name":"Äänekoski"},
  "heinola": {"name":"Heinola"},
  "pieksamaki": {"name":"Pieksämäki"},
  "forssa": {"name":"Forssa"},
  "akaa": {"name":"Akaa"},
  "janakkala": {"name":"Janakkala"},
  "orimattila": {"name":"Orimattila"},
  "loimaa": {"name":"Loimaa"},
  "ylivieska": {"name":"Ylivieska"},
  "kauhava": {"name":"Kauhava"},
  "kontiolahti": {"name":"Kontiolahti"},
  "kuusamo": {"name":"Kuusamo"},
  "parainen": {"name":"Parainen"},
  "uusikaupunki": {"name":"Uusikaupunki"},
  "loviisa": {"name":"Loviisa"},
  "lapua": {"name":"Lapua"},
  "kauhajoki": {"name":"Kauhajoki"},
  "ulvila": {"name":"Ulvila"},
  "kankaanpaa": {"name":"Kankaanpää"},
  "kalajoki": {"name":"Kalajoki"},
  "ilmajoki": {"name":"Ilmajoki"},
  "liperi": {"name":"Liperi"},
  "paimio": {"name":"Paimio"},
  "pedersoren-kunta": {"name":"Pedersören kunta"},
  "eura": {"name":"Eura"},
  "alavus": {"name":"Alavus"},
  "muurame": {"name":"Muurame"},
  "nivala": {"name":"Nivala"},
  "hameenkyro": {"name":"Hämeenkyrö"},
  "sotkamo": {"name":"Sotkamo"},
  "kauniainen": {"name":"Kauniainen"},
  "liminka": {"name":"Liminka"},
  "lieksa": {"name":"Lieksa"},
  "ii": {"name":"Ii"},
  "kitee": {"name":"Kitee"},
  "huittinen": {"name":"Huittinen"},
  "narpio": {"name":"Närpiö"},
  "masku": {"name":"Masku"},
  "hattula": {"name":"Hattula"},
  "mantta-vilppula": {"name":"Mänttä-Vilppula"},
  "keuruu": {"name":"Keuruu"},
  "eurajoki": {"name":"Eurajoki"},
  "nurmes": {"name":"Nurmes"},
  "alajarvi": {"name":"Alajärvi"},
  "leppavirta": {"name":"Leppävirta"},
  "lapinlahti": {"name":"Lapinlahti"},
  "saarijarvi": {"name":"Saarijärvi"},
  "orivesi": {"name":"Orivesi"},
  "muhos": {"name":"Muhos"},
  "karkkila": {"name":"Karkkila"},
  "laitila": {"name":"Laitila"},
  "somero": {"name":"Somero"},
  "poytya": {"name":"Pöytyä"},
  "sodankyla": {"name":"Sodankylä"},
  "hausjarvi": {"name":"Hausjärvi"},
  "asikkala": {"name":"Asikkala"},
  "hanko": {"name":"Hanko"},
  "loppi": {"name":"Loppi"},
  "keminmaa": {"name":"Keminmaa"},
  "laihia": {"name":"Laihia"},
  "kuhmo": {"name":"Kuhmo"},
  "mynamaki": {"name":"Mynämäki"},
  "uusikaarlepyy": {"name":"Uusikaarlepyy"},
  "pudasjarvi": {"name":"Pudasjärvi"},
  "kiuruvesi": {"name":"Kiuruvesi"},
  "suomussalmi": {"name":"Suomussalmi"},
  "inari": {"name":"Inari"},
  "kemijarvi": {"name":"Kemijärvi"},
  "oulainen": {"name":"Oulainen"},
  "ikaalinen": {"name":"Ikaalinen"},
  "kittila": {"name":"Kittilä"},
  "kokemaki": {"name":"Kokemäki"},
  "suonenjoki": {"name":"Suonenjoki"},
  "harjavalta": {"name":"Harjavalta"},
  "haapajarvi": {"name":"Haapajärvi"},
  "tyrnava": {"name":"Tyrnävä"},
  "haapavesi": {"name":"Haapavesi"},
  "kemionsaari": {"name":"Kemiönsaari"},
  "iitti": {"name":"Iitti"},
  "rusko": {"name":"Rusko"},
  "outokumpu": {"name":"Outokumpu"},
  "sakyla": {"name":"Säkylä"},
  "kruunupyy": {"name":"Kruunupyy"},
  "palkane": {"name":"Pälkäne"},
  "virrat": {"name":"Virrat"},
  "kristiinankaupunki": {"name":"Kristiinankaupunki"},
  "siuntio": {"name":"Siuntio"},
  "parkano": {"name":"Parkano"},
  "viitasaari": {"name":"Viitasaari"},
  "tammela": {"name":"Tammela"},
  "luoto": {"name":"Luoto"},
  "juva": {"name":"Juva"},
  "jomala": {"name":"Jomala"},
  "mantyharju": {"name":"Mäntyharju"},
  "inkoo": {"name":"Inkoo"},
  "ahtari": {"name":"Ähtäri"},
  "kannus": {"name":"Kannus"},
  "kangasniemi": {"name":"Kangasniemi"}
}
